{"cameraMode":{"drawMode":0,"name":"Shaded","section":"Shading Mode"},"sceneLighting":false,"audioPlay":false,"sceneViewState":{"showFog":true,"showMaterialUpdate":true,"showSkybox":true,"showFlares":true,"showImageEffects":true,"showParticleSystems":true},"in2DMode":false,"pivot":{"x":-0.2683281898498535,"y":0.5000014305114746,"z":-0.27850341796875},"rotation":{"x":0.23836757242679597,"y":-0.38840141892433169,"z":0.10473712533712387,"w":0.8839447498321533},"size":3.9394543170928957,"orthographic":false}