{"cameraMode":{"drawMode":0,"name":"Shaded","section":"Shading Mode"},"sceneLighting":false,"audioPlay":false,"sceneViewState":{"showFog":true,"showMaterialUpdate":true,"showSkybox":false,"showFlares":true,"showImageEffects":true,"showParticleSystems":true},"in2DMode":false,"pivot":{"x":-16.444177627563478,"y":-14.750965118408204,"z":17.043371200561525},"rotation":{"x":0.24081236124038697,"y":-0.36707693338394167,"z":0.09898674488067627,"w":0.8930111527442932},"size":23.011554718017579,"orthographic":false}